Country,Parameter,Y1 2015,Y2 2016,Y3 2017,Y4 2018,Y5 2019,Y6 2020,Y7 2021,Y8 2022,Y9 2023
Argentina,CO2 per capita,8.043,7.902,7.843,7.985,7.687,7.7,7.728,7.484,
Argentina,GDP per capita,41566.45,42447.178,43314.649,44909.761,45881.912,48015.215,50404.418,50517.677,51932.349
Argentina,Life expectancy,63.374,62.514,64.112,64.131,63.929,61.812,63.845,64.447,
Argentina,Population,430.02,432.691,430.238,440.498,449.74,440.484,450.928,445.507,454.211
Australia,CO2 per capita,4.867,4.932,4.91,4.959,4.869,4.747,4.697,4.658,4.735
Australia,GDP per capita,57515.9,58097.184,61029.919,64068.895,63171.906,67471.652,68734.186,69989.703,74973.93
Australia,Life expectancy,74.07,74.88,73.553,74.384,74.965,76.352,76.784,74.137,74.886
Australia,Population,824.365,848.809,863.748,862.454,882.501,881.408,900.03,919.443,899.809
Brazil,CO2 per capita,14.688,14.205,14.267,14.149,13.778,13.914,13.545,13.782,13.487
Brazil,GDP per capita,60182.659,62601.145,64023.761,65868.651,66908.959,70075.347,71709.751,75656.411,77336.725
Brazil,Life expectancy,74.088,75.437,77.941,74.611,74.996,76.09,76.57,75.958,76.076
Brazil,Population,1239.63,1233.279,1271.753,1264.412,1288.336,1264.954,1309.605,1282.537,1288.443
Canada,CO2 per capita,12.891,12.717,12.699,12.499,12.388,12.065,12.049,12.374,11.834
Canada,GDP per capita,41224.362,42764.676,42803.831,44678.571,47068.19,46678.283,50295.034,49814.466,53286.974
Canada,Life expectancy,72.502,73.187,72.516,72.846,72.271,75.223,73.808,75.2,74.29
Canada,Population,814.203,814.444,802.05,844.722,855.588,845.017,850.8,860.784,858.735
China,CO2 per capita,9.705,9.611,9.359,9.36,9.3,9.214,9.134,8.858,9.03
China,GDP per capita,55208.579,57772.876,57004.892,59836.443,61238.765,61997.545,66313.11,67533.996,69659.054
China,Life expectancy,71.06,72.427,71.567,71.873,72.205,73.601,73.209,73.031,72.145
China,Population,263.31,262.004,266.211,264.971,267.18,280.373,275.503,281.618,283.051
Egypt,CO2 per capita,14.151,14.252,14.106,14.316,13.468,13.799,13.463,13.344,12.926
Egypt,GDP per capita,14230.513,14577.597,15099.811,15784.321,16164.267,16006.783,16350.228,17490.116,
Egypt,Life expectancy,73.52,72.914,75.474,74.987,75.665,74.238,74.762,74.525,74.801
Egypt,Population,890.197,866.021,868.411,909.285,915.429,920.561,933.747,930.373,930.353
France,CO2 per capita,14.176,13.757,14.254,14.058,13.524,13.639,13.424,12.696,13.131
France,GDP per capita,43890.259,44653.245,46105.802,47224.473,49700.332,50303.668,50118.776,52830.168,53362.046
France,Life expectancy,61.499,62.33,62.221,62.033,60.987,62.556,61.566,63.352,61.263
France,Population,346.534,350.826,364.319,361.001,357.945,362.804,377.98,376.281,379.421
Germany,CO2 per capita,11.618,11.664,11.331,11.246,11.134,11.078,10.688,10.801,10.594
Germany,GDP per capita,34726.196,35146.345,36646.432,37797.607,39731.588,40408.685,41409.749,43633.883,43569.339
Germany,Life expectancy,79.462,78.504,77.943,77.488,77.577,80.367,79.235,78.874,78.542
Germany,Population,879.47,934.641,935.621,944.314,950.258,951.796,962.831,965.662,976.029
India,CO2 per capita,13.632,13.568,13.594,13.358,13.308,13.191,12.943,12.864,12.782
India,GDP per capita,53371.243,56096.624,58593.574,58724.66,60223.882,62775.179,64471.338,65417.746,68872.626
India,Life expectancy,84.206,84.745,86.681,84.135,83.8,83.002,84.944,86.948,86.458
India,Population,306.794,310.12,309.253,318.838,314.498,318.323,333.21,325.719,338.915
Indonesia,CO2 per capita,12.106,11.994,11.702,11.56,11.837,11.547,11.502,11.521,10.945
Indonesia,GDP per capita,27126.404,28508.962,28816.298,29444.182,29535.745,31392.833,31208.826,32412.128,34542.542
Indonesia,Life expectancy,80.688,79.664,81.368,79.984,82.912,83.017,83.21,81.458,82.84
Indonesia,Population,294.242,290.215,299.158,300.748,309.812,320.446,314.067,312.483,
Japan,CO2 per capita,7.404,7.276,7.172,7.156,7.008,6.91,6.971,6.997,6.68
Japan,GDP per capita,38349.287,39627.858,40348.523,42440.602,43185.1,43533.683,45033.306,47609.42,48789.404
Japan,Life expectancy,70.358,68.563,70.062,71.649,69.42,72.03,71.391,70.059,70.78
Japan,Population,1193.553,1192.201,1217.465,1198.414,1212.005,1208.803,1289.133,1250.992,1297.004
Kenya,CO2 per capita,9.348,9.266,9.355,9.077,9.149,8.868,8.747,8.577,
Kenya,GDP per capita,48787.742,50002.321,52937.618,53418.107,56697.9,56447.09,59169.717,60386.938,61705.429
Kenya,Life expectancy,80.744,78.823,78.108,80.372,81.941,78.919,79.607,80.185,79.875
Kenya,Population,782.039,798.863,799.05,794.459,814.44,824.488,844.047,828.981,848.309
Mexico,CO2 per capita,6.205,6.142,5.987,6.022,5.965,6.023,6.013,5.779,5.667
Mexico,GDP per capita,61943.435,63539.532,65633.318,67490.763,71451.992,70432.635,71972.419,74752.686,76616.769
Mexico,Life expectancy,76.043,74.794,75.552,78.426,77.93,76.672,76.282,75.245,77.142
Mexico,Population,598.514,588.54,590.543,605.912,628.083,595.116,632.569,623.659,650.218
Nigeria,CO2 per capita,7.775,7.686,7.577,7.468,7.504,7.184,7.344,7.247,7.179
Nigeria,GDP per capita,17982.276,18483.946,19235.936,19520.122,20611.073,21005.342,21750.542,22258.111,22738.156
Nigeria,Life expectancy,69.57,69.771,69.587,69.447,69.64,69.144,70.028,69.869,
Nigeria,Population,1288.241,1295.022,1323.455,1331.928,1317.845,1360.158,1344.734,1373.284,1393.781
South Africa,CO2 per capita,12.343,11.901,11.91,11.93,11.785,11.752,11.518,11.283,11.283
South Africa,GDP per capita,12018.637,12453.116,12999.874,13348.804,13703.382,13751.237,14609.913,15189.633,15608.466
South Africa,Life expectancy,73.12,74.883,74.864,73.148,73.142,72.164,72.934,74.321,74.436
South Africa,Population,1212.243,1271.382,1263.397,1230.275,1298.953,1275.362,1291.984,1318.108,1369.748
Spain,CO2 per capita,12.233,12.318,11.948,12.095,11.546,11.566,11.449,11.502,11.431
Spain,GDP per capita,43765.701,46617.729,47562.275,49256.514,49214.576,51730.73,53094.003,54468.003,54916.268
Spain,Life expectancy,81.374,80.548,80.696,81.443,80.002,80.767,82.078,83.521,81.107
Spain,Population,383.368,384.243,382.402,389.652,,381.111,400.798,408.868,413.811
United Kingdom,CO2 per capita,12.054,12.132,12.07,11.722,11.46,11.382,11.632,11.272,11.264
United Kingdom,GDP per capita,14694.026,15423.028,15649.687,15908.254,17029.637,17399.459,17921.231,18192.642,19164.306
United Kingdom,Life expectancy,60.776,59.503,59.796,61.409,62.463,62.37,60.733,60.997,62.32
United Kingdom,Population,389.495,381.733,385.887,396.016,394.552,406.82,408.354,405.147,415.397
United States,CO2 per capita,1.833,1.889,1.847,1.846,1.834,1.788,1.735,1.772,1.725
United States,GDP per capita,11770.846,11952.066,12465.34,12573.823,13055.066,13312.321,14162.085,14337.619,14609.914
United States,Life expectancy,76.806,76.806,78.791,78.114,78.477,77.256,80.257,80.166,78.983
United States,Population,1121.135,1148.063,1120.021,1140.929,1163.911,1227.163,1211.196,1204.003,1231.088
