Country,Year,CO2 per capita,GDP per capita,Life expectancy,Population
Argentina,2015,8.043,41566.45,63.374,430.02
Argentina,2016,7.902,42447.178,62.514,432.691
Argentina,2017,7.843,43314.649,64.112,430.238
Argentina,2018,7.985,44909.761,64.131,440.498
Argentina,2019,7.687,45881.912,63.929,449.74
Argentina,2020,7.7,48015.215,61.812,440.484
Argentina,2021,7.728,50404.418,63.845,450.928
Argentina,2022,7.484,50517.677,64.447,445.507
Argentina,2023,,51932.349,,454.211
Australia,2015,4.867,57515.9,74.07,824.365
Australia,2016,4.932,58097.184,74.88,848.809
Australia,2017,4.91,61029.919,73.553,863.748
Australia,2018,4.959,64068.895,74.384,862.454
Australia,2019,4.869,63171.906,74.965,882.501
Australia,2020,4.747,67471.652,76.352,881.408
Australia,2021,4.697,68734.186,76.784,900.03
Australia,2022,4.658,69989.703,74.137,919.443
Australia,2023,4.735,74973.93,74.886,899.809
Brazil,2015,14.688,60182.659,74.088,1239.63
Brazil,2016,14.205,62601.145,75.437,1233.279
Brazil,2017,14.267,64023.761,77.941,1271.753
Brazil,2018,14.149,65868.651,74.611,1264.412
Brazil,2019,13.778,66908.959,74.996,1288.336
Brazil,2020,13.914,70075.347,76.09,1264.954
Brazil,2021,13.545,71709.751,76.57,1309.605
Brazil,2022,13.782,75656.411,75.958,1282.537
Brazil,2023,13.487,77336.725,76.076,1288.443
Canada,2015,12.891,41224.362,72.502,814.203
Canada,2016,12.717,42764.676,73.187,814.444
Canada,2017,12.699,42803.831,72.516,802.05
Canada,2018,12.499,44678.571,72.846,844.722
Canada,2019,12.388,47068.19,72.271,855.588
Canada,2020,12.065,46678.283,75.223,845.017
Canada,2021,12.049,50295.034,73.808,850.8
Canada,2022,12.374,49814.466,75.2,860.784
Canada,2023,11.834,53286.974,74.29,858.735
China,2015,9.705,55208.579,71.06,263.31
China,2016,9.611,57772.876,72.427,262.004
China,2017,9.359,57004.892,71.567,266.211
China,2018,9.36,59836.443,71.873,264.971
China,2019,9.3,61238.765,72.205,267.18
China,2020,9.214,61997.545,73.601,280.373
China,2021,9.134,66313.11,73.209,275.503
China,2022,8.858,67533.996,73.031,281.618
China,2023,9.03,69659.054,72.145,283.051
Egypt,2015,14.151,14230.513,73.52,890.197
Egypt,2016,14.252,14577.597,72.914,866.021
Egypt,2017,14.106,15099.811,75.474,868.411
Egypt,2018,14.316,15784.321,74.987,909.285
Egypt,2019,13.468,16164.267,75.665,915.429
Egypt,2020,13.799,16006.783,74.238,920.561
Egypt,2021,13.463,16350.228,74.762,933.747
Egypt,2022,13.344,17490.116,74.525,930.373
Egypt,2023,12.926,,74.801,930.353
France,2015,14.176,43890.259,61.499,346.534
France,2016,13.757,44653.245,62.33,350.826
France,2017,14.254,46105.802,62.221,364.319
France,2018,14.058,47224.473,62.033,361.001
France,2019,13.524,49700.332,60.987,357.945
France,2020,13.639,50303.668,62.556,362.804
France,2021,13.424,50118.776,61.566,377.98
France,2022,12.696,52830.168,63.352,376.281
France,2023,13.131,53362.046,61.263,379.421
Germany,2015,11.618,34726.196,79.462,879.47
Germany,2016,11.664,35146.345,78.504,934.641
Germany,2017,11.331,36646.432,77.943,935.621
Germany,2018,11.246,37797.607,77.488,944.314
Germany,2019,11.134,39731.588,77.577,950.258
Germany,2020,11.078,40408.685,80.367,951.796
Germany,2021,10.688,41409.749,79.235,962.831
Germany,2022,10.801,43633.883,78.874,965.662
Germany,2023,10.594,43569.339,78.542,976.029
India,2015,13.632,53371.243,84.206,306.794
India,2016,13.568,56096.624,84.745,310.12
India,2017,13.594,58593.574,86.681,309.253
India,2018,13.358,58724.66,84.135,318.838
India,2019,13.308,60223.882,83.8,314.498
India,2020,13.191,62775.179,83.002,318.323
India,2021,12.943,64471.338,84.944,333.21
India,2022,12.864,65417.746,86.948,325.719
India,2023,12.782,68872.626,86.458,338.915
Indonesia,2015,12.106,27126.404,80.688,294.242
Indonesia,2016,11.994,28508.962,79.664,290.215
Indonesia,2017,11.702,28816.298,81.368,299.158
Indonesia,2018,11.56,29444.182,79.984,300.748
Indonesia,2019,11.837,29535.745,82.912,309.812
Indonesia,2020,11.547,31392.833,83.017,320.446
Indonesia,2021,11.502,31208.826,83.21,314.067
Indonesia,2022,11.521,32412.128,81.458,312.483
Indonesia,2023,10.945,34542.542,82.84,
Japan,2015,7.404,38349.287,70.358,1193.553
Japan,2016,7.276,39627.858,68.563,1192.201
Japan,2017,7.172,40348.523,70.062,1217.465
Japan,2018,7.156,42440.602,71.649,1198.414
Japan,2019,7.008,43185.1,69.42,1212.005
Japan,2020,6.91,43533.683,72.03,1208.803
Japan,2021,6.971,45033.306,71.391,1289.133
Japan,2022,6.997,47609.42,70.059,1250.992
Japan,2023,6.68,48789.404,70.78,1297.004
Kenya,2015,9.348,48787.742,80.744,782.039
Kenya,2016,9.266,50002.321,78.823,798.863
Kenya,2017,9.355,52937.618,78.108,799.05
Kenya,2018,9.077,53418.107,80.372,794.459
Kenya,2019,9.149,56697.9,81.941,814.44
Kenya,2020,8.868,56447.09,78.919,824.488
Kenya,2021,8.747,59169.717,79.607,844.047
Kenya,2022,8.577,60386.938,80.185,828.981
Kenya,2023,,61705.429,79.875,848.309
Mexico,2015,6.205,61943.435,76.043,598.514
Mexico,2016,6.142,63539.532,74.794,588.54
Mexico,2017,5.987,65633.318,75.552,590.543
Mexico,2018,6.022,67490.763,78.426,605.912
Mexico,2019,5.965,71451.992,77.93,628.083
Mexico,2020,6.023,70432.635,76.672,595.116
Mexico,2021,6.013,71972.419,76.282,632.569
Mexico,2022,5.779,74752.686,75.245,623.659
Mexico,2023,5.667,76616.769,77.142,650.218
Nigeria,2015,7.775,17982.276,69.57,1288.241
Nigeria,2016,7.686,18483.946,69.771,1295.022
Nigeria,2017,7.577,19235.936,69.587,1323.455
Nigeria,2018,7.468,19520.122,69.447,1331.928
Nigeria,2019,7.504,20611.073,69.64,1317.845
Nigeria,2020,7.184,21005.342,69.144,1360.158
Nigeria,2021,7.344,21750.542,70.028,1344.734
Nigeria,2022,7.247,22258.111,69.869,1373.284
Nigeria,2023,7.179,22738.156,,1393.781
South Africa,2015,12.343,12018.637,73.12,1212.243
South Africa,2016,11.901,12453.116,74.883,1271.382
South Africa,2017,11.91,12999.874,74.864,1263.397
South Africa,2018,11.93,13348.804,73.148,1230.275
South Africa,2019,11.785,13703.382,73.142,1298.953
South Africa,2020,11.752,13751.237,72.164,1275.362
South Africa,2021,11.518,14609.913,72.934,1291.984
South Africa,2022,11.283,15189.633,74.321,1318.108
South Africa,2023,11.283,15608.466,74.436,1369.748
Spain,2015,12.233,43765.701,81.374,383.368
Spain,2016,12.318,46617.729,80.548,384.243
Spain,2017,11.948,47562.275,80.696,382.402
Spain,2018,12.095,49256.514,81.443,389.652
Spain,2019,11.546,49214.576,80.002,
Spain,2020,11.566,51730.73,80.767,381.111
Spain,2021,11.449,53094.003,82.078,400.798
Spain,2022,11.502,54468.003,83.521,408.868
Spain,2023,11.431,54916.268,81.107,413.811
United Kingdom,2015,12.054,14694.026,60.776,389.495
United Kingdom,2016,12.132,15423.028,59.503,381.733
United Kingdom,2017,12.07,15649.687,59.796,385.887
United Kingdom,2018,11.722,15908.254,61.409,396.016
United Kingdom,2019,11.46,17029.637,62.463,394.552
United Kingdom,2020,11.382,17399.459,62.37,406.82
United Kingdom,2021,11.632,17921.231,60.733,408.354
United Kingdom,2022,11.272,18192.642,60.997,405.147
United Kingdom,2023,11.264,19164.306,62.32,415.397
United States,2015,1.833,11770.846,76.806,1121.135
United States,2016,1.889,11952.066,76.806,1148.063
United States,2017,1.847,12465.34,78.791,1120.021
United States,2018,1.846,12573.823,78.114,1140.929
United States,2019,1.834,13055.066,78.477,1163.911
United States,2020,1.788,13312.321,77.256,1227.163
United States,2021,1.735,14162.085,80.257,1211.196
United States,2022,1.772,14337.619,80.166,1204.003
United States,2023,1.725,14609.914,78.983,1231.088
